{"ProjectBreakpoints":"{\"Value\":{},\"CodeBreakpoints\":{}}","Compiler":"2","ProjectWatches":"{\"Value\":[]}","OpenedDocuments":"[{\"DocumentPath\":\"Main.xaml\",\"FactoryId\":\"{ACB8E7BA-F093-44C1-9B50-33ECA51AAE16}\"}]","ProjectActivitiesViewState":"{\"ChromeRpaChallenge_2.xaml\":[{\"ActivityIdRef\":\"RetryScope_1\",\"IsAdvancedOptionsExpanded\":false,\"Categories\":{\"Común\":true,\"Opciones\":true},\"Widgets\":{\"ActivityBody\":{\"ShowExpanded\":true},\"Condition\":{\"ShowExpanded\":true}}},{\"ActivityIdRef\":\"NApplicationCard_6\",\"IsAdvancedOptionsExpanded\":false,\"Categories\":{\"Opciones\":true,\"Gestión de diálogos\":true,\"Plazos\":true,\"Destino\":true,\"Entrada/Salida\":true},\"Widgets\":{\"OCREngine\":{\"ShowExpanded\":true},\"Body\":{\"ShowExpanded\":true}}},{\"ActivityIdRef\":\"Assign_4\",\"IsAdvancedOptionsExpanded\":false,\"Widgets\":{}},{\"ActivityIdRef\":\"TryCatch_4\",\"IsAdvancedOptionsExpanded\":false,\"Widgets\":{\"Try\":{\"ShowExpanded\":true},\"Finally\":{\"ShowExpanded\":true}}},{\"ActivityIdRef\":\"TryCatch_3\",\"IsAdvancedOptionsExpanded\":false,\"Widgets\":{\"Try\":{\"ShowExpanded\":true},\"Finally\":{\"ShowExpanded\":true}}},{\"ActivityIdRef\":\"Assign_6\",\"IsAdvancedOptionsExpanded\":false,\"Widgets\":{}},{\"ActivityIdRef\":\"Throw_3\",\"IsAdvancedOptionsExpanded\":false,\"Widgets\":{}},{\"ActivityIdRef\":\"NTypeInto_23\",\"IsAdvancedOptionsExpanded\":false,\"Categories\":{\"Plazos\":true,\"Opciones\":true,\"Entrada/Salida\":true,\"Destino\":true,\"Verificar ejecución\":true,\"Verify execution - Target\":true},\"Widgets\":{}},{\"ActivityIdRef\":\"NClick_6\",\"IsAdvancedOptionsExpanded\":false,\"Categories\":{\"Plazos\":true,\"Verificar ejecución\":true,\"Opciones\":true,\"Entrada/Salida\":true,\"Destino\":true,\"Verify execution - Target\":true},\"Widgets\":{}},{\"ActivityIdRef\":\"NClick_7\",\"IsAdvancedOptionsExpanded\":false,\"Categories\":{\"Plazos\":true,\"Opciones\":true,\"Entrada/Salida\":true,\"Destino\":true,\"Verificar ejecución\":true,\"Verify execution - Target\":true},\"Widgets\":{}},{\"ActivityIdRef\":\"NTypeInto_24\",\"IsAdvancedOptionsExpanded\":false,\"Categories\":{\"Plazos\":true,\"Opciones\":true,\"Entrada/Salida\":true,\"Destino\":true,\"Verificar ejecución\":true,\"Verify execution - Target\":true},\"Widgets\":{}},{\"ActivityIdRef\":\"NTypeInto_25\",\"IsAdvancedOptionsExpanded\":false,\"Categories\":{\"Plazos\":true,\"Opciones\":true,\"Entrada/Salida\":true,\"Destino\":true,\"Verificar ejecución\":true,\"Verify execution - Target\":true},\"Widgets\":{}},{\"ActivityIdRef\":\"NTypeInto_26\",\"IsAdvancedOptionsExpanded\":false,\"Categories\":{\"Plazos\":true,\"Opciones\":true,\"Entrada/Salida\":true,\"Destino\":true,\"Verificar ejecución\":true,\"Verify execution - Target\":true},\"Widgets\":{}},{\"ActivityIdRef\":\"NTypeInto_27\",\"IsAdvancedOptionsExpanded\":false,\"Categories\":{\"Plazos\":true,\"Opciones\":true,\"Entrada/Salida\":true,\"Destino\":true,\"Verificar ejecución\":true,\"Verify execution - Target\":true},\"Widgets\":{}},{\"ActivityIdRef\":\"NTypeInto_28\",\"IsAdvancedOptionsExpanded\":false,\"Categories\":{\"Plazos\":true,\"Opciones\":true,\"Entrada/Salida\":true,\"Destino\":true,\"Verificar ejecución\":true,\"Verify execution - Target\":true},\"Widgets\":{}},{\"ActivityIdRef\":\"NTypeInto_29\",\"IsAdvancedOptionsExpanded\":false,\"Categories\":{\"Plazos\":true,\"Opciones\":true,\"Entrada/Salida\":true,\"Destino\":true,\"Verificar ejecución\":true,\"Verify execution - Target\":true},\"Widgets\":{}},{\"ActivityIdRef\":\"NTypeInto_30\",\"IsAdvancedOptionsExpanded\":false,\"Categories\":{\"Plazos\":true,\"Opciones\":true,\"Entrada/Salida\":true,\"Destino\":true,\"Verificar ejecución\":true,\"Verify execution - Target\":true},\"Widgets\":{}},{\"ActivityIdRef\":\"NTypeInto_31\",\"IsAdvancedOptionsExpanded\":false,\"Categories\":{\"Plazos\":true,\"Opciones\":true,\"Entrada/Salida\":true,\"Destino\":true,\"Verificar ejecución\":true,\"Verify execution - Target\":true},\"Widgets\":{}},{\"ActivityIdRef\":\"NTypeInto_32\",\"IsAdvancedOptionsExpanded\":false,\"Categories\":{\"Plazos\":true,\"Opciones\":true,\"Entrada/Salida\":true,\"Destino\":true,\"Verificar ejecución\":true,\"Verify execution - Target\":true},\"Widgets\":{}},{\"ActivityIdRef\":\"NTypeInto_33\",\"IsAdvancedOptionsExpanded\":false,\"Categories\":{\"Plazos\":true,\"Opciones\":true,\"Entrada/Salida\":true,\"Destino\":true,\"Verificar ejecución\":true,\"Verify execution - Target\":true},\"Widgets\":{}},{\"ActivityIdRef\":\"Assign_7\",\"IsAdvancedOptionsExpanded\":false,\"Widgets\":{}},{\"ActivityIdRef\":\"Throw_4\",\"IsAdvancedOptionsExpanded\":false,\"Widgets\":{}}],\"ChromeRpaChallenge.xaml\":[{\"ActivityIdRef\":\"RetryScope_1\",\"IsAdvancedOptionsExpanded\":false,\"Categories\":{\"Común\":true,\"Opciones\":true},\"Widgets\":{\"ActivityBody\":{\"ShowExpanded\":true},\"Condition\":{\"ShowExpanded\":true}}},{\"ActivityIdRef\":\"NApplicationCard_3\",\"IsAdvancedOptionsExpanded\":false,\"Categories\":{\"Opciones\":true,\"Gestión de diálogos\":true,\"Plazos\":true,\"Destino\":true,\"Entrada/Salida\":true},\"Widgets\":{\"OCREngine\":{\"ShowExpanded\":true},\"Body\":{\"ShowExpanded\":true}}},{\"ActivityIdRef\":\"Assign_4\",\"IsAdvancedOptionsExpanded\":false,\"Widgets\":{}},{\"ActivityIdRef\":\"TryCatch_1\",\"IsAdvancedOptionsExpanded\":false,\"Widgets\":{\"Try\":{\"ShowExpanded\":true},\"Finally\":{\"ShowExpanded\":true}}},{\"ActivityIdRef\":\"NTypeInto_8\",\"IsAdvancedOptionsExpanded\":false,\"Categories\":{\"Plazos\":true,\"Verificar ejecución\":true,\"Opciones\":true,\"Entrada/Salida\":true,\"Destino\":true,\"Verify execution - Target\":true},\"Widgets\":{}},{\"ActivityIdRef\":\"NTypeInto_9\",\"IsAdvancedOptionsExpanded\":false,\"Categories\":{\"Plazos\":true,\"Verificar ejecución\":true,\"Opciones\":true,\"Entrada/Salida\":true,\"Destino\":true,\"Verify execution - Target\":true},\"Widgets\":{}},{\"ActivityIdRef\":\"NClick_4\",\"IsAdvancedOptionsExpanded\":false,\"Categories\":{\"Plazos\":true,\"Verificar ejecución\":true,\"Opciones\":true,\"Entrada/Salida\":true,\"Destino\":true,\"Verify execution - Target\":true},\"Widgets\":{}},{\"ActivityIdRef\":\"Assign_3\",\"IsAdvancedOptionsExpanded\":false,\"Widgets\":{}},{\"ActivityIdRef\":\"Throw_1\",\"IsAdvancedOptionsExpanded\":false,\"Widgets\":{}}],\"Main.xaml\":[{\"ActivityIdRef\":\"InvokeWorkflowFile_3\",\"IsAdvancedOptionsExpanded\":false,\"Categories\":{\"Común\":true,\"Opciones\":true,\"Acceso\":true,\"Salida\":true},\"Widgets\":{}},{\"ActivityIdRef\":\"InterruptibleDoWhile_2\",\"IsAdvancedOptionsExpanded\":false,\"Categories\":{\"\":true},\"Widgets\":{\"Body\":{\"ShowExpanded\":true}}},{\"ActivityIdRef\":\"GetQueueItem_3\",\"IsAdvancedOptionsExpanded\":false,\"Categories\":{\"Opciones\":true,\"Salida\":true},\"Widgets\":{}},{\"ActivityIdRef\":\"If_2\",\"IsAdvancedOptionsExpanded\":false,\"Widgets\":{\"Then\":{\"ShowExpanded\":true},\"Else\":{\"ShowExpanded\":true}}},{\"ActivityIdRef\":\"SetTransactionStatus_4\",\"IsAdvancedOptionsExpanded\":false,\"Categories\":{\"Entrada\":true,\"Error de transacción\":true,\"\":true,\"Otros\":true},\"Widgets\":{}},{\"ActivityIdRef\":\"BulkAddQueueItems_2\",\"IsAdvancedOptionsExpanded\":false,\"Categories\":{\"Opciones\":true,\"Salida\":true},\"Widgets\":{}},{\"ActivityIdRef\":\"ForEachRow_2\",\"IsAdvancedOptionsExpanded\":false,\"Categories\":{\"\":true},\"Widgets\":{\"Body\":{\"ShowExpanded\":true}}},{\"ActivityIdRef\":\"Break_2\",\"IsAdvancedOptionsExpanded\":false,\"Widgets\":{}},{\"ActivityIdRef\":\"TryCatch_2\",\"IsAdvancedOptionsExpanded\":false,\"Widgets\":{\"Try\":{\"ShowExpanded\":true},\"Finally\":{\"ShowExpanded\":true}}},{\"ActivityIdRef\":\"InvokeWorkflowFile_5\",\"IsAdvancedOptionsExpanded\":false,\"Categories\":{\"Común\":true,\"Opciones\":true,\"Acceso\":true},\"Widgets\":{}},{\"ActivityIdRef\":\"BulkAddQueueItems_1\",\"IsAdvancedOptionsExpanded\":false,\"Categories\":{\"Opciones\":true,\"Salida\":true},\"Widgets\":{}},{\"ActivityIdRef\":\"InterruptibleDoWhile_1\",\"IsAdvancedOptionsExpanded\":false,\"Categories\":{\"\":true},\"Widgets\":{\"Body\":{\"ShowExpanded\":true}}},{\"ActivityIdRef\":\"GetQueueItem_2\",\"IsAdvancedOptionsExpanded\":false,\"Categories\":{\"Opciones\":true,\"Salida\":true},\"Widgets\":{}},{\"ActivityIdRef\":\"If_1\",\"IsAdvancedOptionsExpanded\":false,\"Widgets\":{\"Then\":{\"ShowExpanded\":true},\"Else\":{\"ShowExpanded\":true}}},{\"ActivityIdRef\":\"Break_1\",\"IsAdvancedOptionsExpanded\":false,\"Widgets\":{}},{\"ActivityIdRef\":\"ForEachRow_1\",\"IsAdvancedOptionsExpanded\":false,\"Categories\":{\"\":true},\"Widgets\":{\"Body\":{\"ShowExpanded\":true}}},{\"ActivityIdRef\":\"SetTransactionStatus_3\",\"IsAdvancedOptionsExpanded\":false,\"Categories\":{\"Entrada\":true,\"Error de transacción\":true,\"\":true,\"Otros\":true},\"Widgets\":{}},{\"ActivityIdRef\":\"SetTransactionStatus_2\",\"IsAdvancedOptionsExpanded\":false,\"Categories\":{\"Entrada\":true,\"Error de transacción\":true,\"Otros\":true},\"Widgets\":{}},{\"ActivityIdRef\":\"SetTransactionStatus_5\",\"IsAdvancedOptionsExpanded\":false,\"Categories\":{\"Entrada\":true,\"Error de transacción\":true,\"Otros\":true},\"Widgets\":{}},{\"ActivityIdRef\":\"InvokeWorkflowFile_6\",\"IsAdvancedOptionsExpanded\":false,\"Categories\":{\"Común\":true,\"Opciones\":true,\"Acceso\":true,\"Salida\":true},\"Widgets\":{}},{\"ActivityIdRef\":\"InvokeWorkflowFile_7\",\"IsAdvancedOptionsExpanded\":false,\"Categories\":{\"Común\":true,\"Opciones\":true,\"Acceso\":true},\"Widgets\":{}}],\"DescargarArchivo.xaml\":[{\"ActivityIdRef\":\"Assign_3\",\"IsAdvancedOptionsExpanded\":false,\"Widgets\":{}},{\"ActivityIdRef\":\"CreateDirectory_1\",\"IsAdvancedOptionsExpanded\":false,\"Categories\":{\"Común\":true,\"Salida\":true},\"Widgets\":{}},{\"ActivityIdRef\":\"RetryScope_1\",\"IsAdvancedOptionsExpanded\":false,\"Categories\":{\"Común\":true,\"Opciones\":true},\"Widgets\":{\"ActivityBody\":{\"ShowExpanded\":true},\"Condition\":{\"ShowExpanded\":true}}},{\"ActivityIdRef\":\"Assign_1\",\"IsAdvancedOptionsExpanded\":false,\"Widgets\":{}},{\"ActivityIdRef\":\"Assign_4\",\"IsAdvancedOptionsExpanded\":false,\"Widgets\":{}},{\"ActivityIdRef\":\"Assign_2\",\"IsAdvancedOptionsExpanded\":false,\"Widgets\":{}}],\"DescargarArchivo_2.xaml\":[{\"ActivityIdRef\":\"Assign_3\",\"IsAdvancedOptionsExpanded\":false,\"Widgets\":{}},{\"ActivityIdRef\":\"CreateDirectory_1\",\"IsAdvancedOptionsExpanded\":false,\"Categories\":{\"Común\":true,\"Salida\":true},\"Widgets\":{}},{\"ActivityIdRef\":\"RetryScope_1\",\"IsAdvancedOptionsExpanded\":false,\"Categories\":{\"Común\":true,\"Opciones\":true},\"Widgets\":{\"ActivityBody\":{\"ShowExpanded\":true},\"Condition\":{\"ShowExpanded\":true}}},{\"ActivityIdRef\":\"Assign_1\",\"IsAdvancedOptionsExpanded\":false,\"Widgets\":{}},{\"ActivityIdRef\":\"Assign_4\",\"IsAdvancedOptionsExpanded\":false,\"Widgets\":{}},{\"ActivityIdRef\":\"Assign_2\",\"IsAdvancedOptionsExpanded\":false,\"Widgets\":{}}]}"}